<?xml version="1.0" encoding="UTF-8"?>
<?xml-stylesheet href="employee.xsl" type="text/xsl"?>
<class>
<employee id = "393">
    <firstname>abc</firstname>
    <lastname>xyz</lastname>
    <designation>CEO</designation>
</employee>
<employee id = "493">
    <firstname>lmn</firstname>
    <lastname>pqr</lastname>
    <designation>Software Engineer</designation>
</employee>
<employee id = "571">
    <firstname>efg</firstname>
    <lastname>tuv</lastname>
    <designation>Project Manager</designation>
</employee>
</class>